{
  "x": {
    "min": 0.3919843597262952,
    "max": 0.613880742913001
  },
  "y": {
    "min": 0.3831867057673509,
    "max": 0.6001955034213099
  },
  "z": {
    "min": 0.4056695992179863,
    "max": 0.6158357771260997
  }
}